,Name,Country,Type,lat,lng,Elevation,geometry
0,Abu ,            Japan          ,            Shield          ,34.5,131.60000610351562,641.0,POINT (131.6000061035156 34.5)
1,Acamarachi ,            Chile          ,            Stratovolcano          ,-23.299999237060547,-67.62000274658203,6046.0,POINT (-67.62000274658203 -23.29999923706055)
2,Acatenango ,            Guatemala          ,            Stratovolcano          ,14.5,-90.87999725341797,3976.0,POINT (-90.87999725341797 14.5)
3,Acigöl-Nevsehir ,            Turkey          ,            Caldera          ,38.56999969482422,34.52000045776367,1689.0,POINT (34.52000045776367 38.56999969482422)
4,Adams ,            USA          ,            Stratovolcano          ,46.209999084472656,-121.48999786376953,3742.0,POINT (-121.4899978637695 46.20999908447266)
5,Adams Seamount ,            Pacific Ocean          ,            Submarine          ,-25.3700008392334,-129.27000427246094,-39.0,POINT (-129.2700042724609 -25.3700008392334)
6,Adatara ,            Japan          ,            Stratovolcano          ,37.63999938964844,140.2899932861328,1718.0,POINT (140.2899932861328 37.63999938964844)
7,Adwa ,            Ethiopia          ,            Stratovolcano          ,10.069999694824219,40.84000015258789,1733.0,POINT (40.84000015258789 10.06999969482422)
8,Afderà ,            Ethiopia          ,            Stratovolcano          ,13.079999923706055,40.849998474121094,1295.0,POINT (40.84999847412109 13.07999992370605)
9,Agrigan ,            Mariana Islands          ,            Stratovolcano          ,18.770000457763672,145.6699981689453,965.0,POINT (145.6699981689453 18.77000045776367)
10,Agua ,            Guatemala          ,            Stratovolcano          ,14.470000267028809,-90.73999786376953,3760.0,POINT (-90.73999786376953 14.47000026702881)
11,Agua de Pau ,            Azores          ,            Stratovolcano          ,37.77000045776367,-25.469999313354492,947.0,POINT (-25.46999931335449 37.77000045776367)
12,Aguilera ,            Chile          ,            Stratovolcano          ,-50.33000183105469,-73.75,2546.0,POINT (-73.75 -50.33000183105469)
13,Agung ,            Lesser Sunda Islands          ,            Stratovolcano          ,-8.34000015258789,115.51000213623047,3142.0,POINT (115.5100021362305 -8.340000152587891)
14,Ahyi ,            Mariana Islands          ,            Submarine          ,20.420000076293945,145.02999877929688,-137.0,POINT (145.0299987792969 20.42000007629395)
15,Akademia Nauk ,            Russia          ,            Caldera          ,53.97999954223633,159.4499969482422,1180.0,POINT (159.4499969482422 53.97999954223633)
16,Akagi ,            Japan          ,            Stratovolcano          ,36.560001373291016,139.1999969482422,1828.0,POINT (139.1999969482422 36.56000137329102)
17,Akan ,            Japan          ,            Caldera          ,43.380001068115234,144.00999450683594,1499.0,POINT (144.0099945068359 43.38000106811523)
18,Akhtang ,            Russia          ,            Shield          ,55.43000030517578,158.64999389648438,1956.0,POINT (158.6499938964844 55.43000030517578)
19,Akita Komagatake ,            Japan          ,            Stratovolcano          ,39.7599983215332,140.8000030517578,1637.0,POINT (140.8000030517578 39.7599983215332)
20,Akita Yakeyama ,            Japan          ,            Stratovolcano          ,39.959999084472656,140.75999450683594,1366.0,POINT (140.7599945068359 39.95999908447266)
21,Akuseki-jima ,            Japan          ,            Stratovolcano          ,29.459999084472656,129.60000610351562,584.0,POINT (129.6000061035156 29.45999908447266)
22,Akutan ,            USA          ,            Stratovolcano          ,54.130001068115234,-165.99000549316406,1303.0,POINT (-165.9900054931641 54.13000106811523)
23,Alaid ,            Russia          ,            Stratovolcano          ,50.86000061035156,155.5500030517578,2339.0,POINT (155.5500030517578 50.86000061035156)
24,Alamagan ,            Mariana Islands          ,            Stratovolcano          ,17.600000381469727,145.8300018310547,744.0,POINT (145.8300018310547 17.60000038146973)
25,Alayta ,            Ethiopia          ,            Shield          ,12.880000114440918,40.56999969482422,1501.0,POINT (40.56999969482422 12.88000011444092)
26,Alban Hills ,            Italy          ,            Caldera          ,41.72999954223633,12.699999809265137,949.0,POINT (12.69999980926514 41.72999954223633)
27,Alcedo ,            Galápagos Islands          ,            Shield          ,-0.4300000071525574,-91.12000274658203,1130.0,POINT (-91.12000274658203 -0.4300000071525574)
28,Ale Bagu ,            Ethiopia          ,            Stratovolcano          ,13.520000457763672,40.630001068115234,1031.0,POINT (40.63000106811523 13.52000045776367)
29,Alid ,            Eritrea          ,            Stratovolcano          ,14.880000114440918,39.91999816894531,904.0,POINT (39.91999816894531 14.88000011444092)
30,Altiplano-Puna Volcanic Complex ,            Multiple Countries          ,,-22.440000534057617,-67.95999908447266,4600.0,POINT (-67.95999908447266 -22.44000053405762)
31,Ambrym ,            Vanuatu          ,            Shield          ,-16.25,168.1199951171875,1334.0,POINT (168.1199951171875 -16.25)
32,Anatahan ,            Mariana Islands          ,            Stratovolcano          ,16.350000381469727,145.6699981689453,790.0,POINT (145.6699981689453 16.35000038146973)
33,Aneityum ,            Vanuatu          ,            Stratovolcano          ,-20.200000762939453,169.77999877929688,852.0,POINT (169.7799987792969 -20.20000076293945)
34,Aniakchak ,            USA          ,            Caldera          ,56.880001068115234,-158.1699981689453,1341.0,POINT (-158.1699981689453 56.88000106811523)
35,Antisana ,            Ecuador          ,            Stratovolcano          ,-0.47999998927116394,-78.13999938964844,5753.0,POINT (-78.13999938964844 -0.4799999892711639)
36,Aoba ,            Vanuatu          ,            Shield          ,-15.399999618530273,167.8300018310547,1496.0,POINT (167.8300018310547 -15.39999961853027)
37,Ararat ,            Turkey          ,            Stratovolcano          ,39.70000076293945,44.29999923706055,5165.0,POINT (44.29999923706055 39.70000076293945)
38,Arenal ,            Costa Rica          ,            Stratovolcano          ,10.460000038146973,-84.69999694824219,1670.0,POINT (-84.69999694824219 10.46000003814697)
39,Arintica ,            Chile          ,            Complex Volcano          ,-18.729999542236328,-69.05000305175781,5597.0,POINT (-69.05000305175781 -18.72999954223633)
40,Asacha ,            Russia          ,            Stratovolcano          ,52.36000061035156,157.8300018310547,1910.0,POINT (157.8300018310547 52.36000061035156)
41,Asama ,            Japan          ,            Complex Volcano          ,36.400001525878906,138.52999877929688,2568.0,POINT (138.5299987792969 36.40000152587891)
42,Ascensión ,            South Atlantic Ocean          ,            Stratovolcano          ,-7.949999809265137,-14.369999885559082,858.0,POINT (-14.36999988555908 -7.949999809265137)
43,Askja ,            Iceland          ,            Stratovolcano          ,65.02999877929688,-16.75,1516.0,POINT (-16.75 65.02999877929688)
44,Aso ,            Japan          ,            Caldera          ,32.880001068115234,131.11000061035156,1592.0,POINT (131.1100006103516 32.88000106811523)
45,Atitlán ,            Guatemala          ,            Complex Volcano          ,14.579999923706055,-91.19000244140625,3535.0,POINT (-91.19000244140625 14.57999992370605)
46,Atka ,            USA          ,            Caldera          ,52.380001068115234,-174.14999389648438,1533.0,POINT (-174.1499938964844 52.38000106811523)
47,Atsonupuri ,            Russia          ,            Stratovolcano          ,44.810001373291016,147.13999938964844,1206.0,POINT (147.1399993896484 44.81000137329102)
48,Augustine ,            USA          ,            Dome          ,59.36000061035156,-153.42999267578125,1252.0,POINT (-153.4299926757812 59.36000061035156)
49,Avachinsky ,            Russia          ,            Stratovolcano          ,53.2599983215332,158.8300018310547,2741.0,POINT (158.8300018310547 53.2599983215332)
50,Awu ,            Indonesia          ,            Stratovolcano          ,3.6700000762939453,125.5,1320.0,POINT (125.5 3.670000076293945)
51,Axial Seamount ,            Pacific Ocean          ,            Submarine          ,45.95000076293945,-130.0,-1410.0,POINT (-130 45.95000076293945)
52,Ayelu ,            Ethiopia          ,            Stratovolcano          ,10.079999923706055,40.70000076293945,2145.0,POINT (40.70000076293945 10.07999992370605)
53,Azufre ,            Chile          ,            Complex Volcano          ,-21.790000915527344,-68.23999786376953,5846.0,POINT (-68.23999786376953 -21.79000091552734)
54,Azuma ,            Japan          ,            Stratovolcano          ,37.72999954223633,140.25,2035.0,POINT (140.25 37.72999954223633)
55,Babuyon Claro ,            Philippines          ,            Stratovolcano          ,19.5,121.9000015258789,1180.0,POINT (121.9000015258789 19.5)
56,Bachelor ,            USA          ,            Stratovolcano          ,43.79999923706055,121.5999984741211,2763.0,POINT (121.5999984741211 43.79999923706055)
57,Bagana ,            Papua New Guinea          ,            Cinder Cone          ,-6.099999904632568,155.1999969482422,1750.0,POINT (155.1999969482422 -6.099999904632568)
58,Baker ,            USA          ,            Stratovolcano          ,48.790000915527344,-121.81999969482422,3285.0,POINT (-121.8199996948242 48.79000091552734)
59,Bam ,            Papua New Guinea          ,            Stratovolcano          ,-3.5999999046325684,144.85000610351562,685.0,POINT (144.8500061035156 -3.599999904632568)
60,Bamus ,            Papua New Guinea          ,            Stratovolcano          ,-5.199999809265137,151.1999969482422,2248.0,POINT (151.1999969482422 -5.199999809265137)
61,Bandai ,            Japan          ,            Stratovolcano          ,37.599998474121094,140.10000610351562,1819.0,POINT (140.1000061035156 37.59999847412109)
62,Barren Island ,            India          ,            Pyroclastic Cone          ,12.289999961853027,93.87999725341797,305.0,POINT (93.87999725341797 12.28999996185303)
63,Barrier ,            Kenya          ,            Complex Volcano          ,2.319999933242798,36.56999969482422,1032.0,POINT (36.56999969482422 2.319999933242798)
64,Bazman ,            Iran          ,            Stratovolcano          ,28.0,60.0,3490.0,POINT (60 28)
65,Beerenberg ,            Norway          ,            Stratovolcano          ,71.0999984741211,-8.199999809265137,2277.0,POINT (-8.199999809265137 71.09999847412109)
66,Belknap ,            USA          ,            Shield          ,44.279998779296875,-121.83000183105469,2096.0,POINT (-121.8300018310547 44.27999877929688)
67,Bezymianny ,            Russia          ,            Stratovolcano          ,55.97999954223633,160.5800018310547,2882.0,POINT (160.5800018310547 55.97999954223633)
68,Biliran ,            Philippines          ,            Complex Volcano          ,11.5,124.5,1187.0,POINT (124.5 11.5)
69,Bolshoi Semiachik ,            Russia          ,            Stratovolcano          ,54.31999969482422,160.02000427246094,1720.0,POINT (160.0200042724609 54.31999969482422)
70,Bulusan ,            Philippines          ,            Stratovolcano          ,12.800000190734863,124.0999984741211,1565.0,POINT (124.0999984741211 12.80000019073486)
71,Butajira ,            Ethiopia          ,            Maar          ,8.050000190734863,38.349998474121094,2281.0,POINT (38.34999847412109 8.050000190734863)
72,Cameroon (Mount) ,            Cameroon          ,            Stratovolcano          ,4.199999809265137,9.170000076293945,4095.0,POINT (9.170000076293945 4.199999809265137)
73,Camiguin de Babuyanes ,            Philippines          ,            Stratovolcano          ,18.829999923706055,121.8499984741211,712.0,POINT (121.8499984741211 18.82999992370605)
74,Canlaon ,            Philippines          ,            Stratovolcano          ,10.40999984741211,123.12999725341797,2435.0,POINT (123.129997253418 10.40999984741211)
75,Capulin ,            USA          ,            Cinder Cone          ,36.45000076293945,-104.08999633789062,2494.0,POINT (-104.0899963378906 36.45000076293945)
76,Carrizozo ,            USA          ,            Volcanic Field          ,33.70000076293945,-106.0,1730.0,POINT (-106 33.70000076293945)
77,Cayambe ,            Ecuador          ,            Stratovolcano          ,0.029999999329447746,-77.98999786376953,5790.0,POINT (-77.98999786376953 0.02999999932944775)
78,Cereme ,            Indonesia          ,            Stratovolcano          ,-6.900000095367432,108.41000366210938,3078.0,POINT (108.4100036621094 -6.900000095367432)
79,Chaine des Puys ,            France          ,            Dome          ,45.779998779296875,2.9700000286102295,1464.0,POINT (2.970000028610229 45.77999877929688)
80,Chiginagak ,            USA          ,            Stratovolcano          ,57.130001068115234,-156.99000549316406,2067.0,POINT (-156.9900054931641 57.13000106811523)
81,Chikurachki ,            Russia          ,            Stratovolcano          ,50.33000183105469,155.4600067138672,5958.0,POINT (155.4600067138672 50.33000183105469)
82,Chimborazo ,            Ecuador          ,            Stratovolcano          ,-1.4600000381469727,-78.81999969482422,6310.0,POINT (-78.81999969482422 -1.460000038146973)
83,Cleveland ,            USA          ,            Stratovolcano          ,52.83000183105469,-169.9499969482422,1730.0,POINT (-169.9499969482422 52.83000183105469)
84,Coatepeque ,            El Salvador          ,            Caldera          ,13.859999656677246,-89.54000091552734,746.0,POINT (-89.54000091552734 13.85999965667725)
85,Colima ,            Mexico          ,            Stratovolcano          ,19.510000228881836,103.62000274658203,4100.0,POINT (103.620002746582 19.51000022888184)
86,Columbia River Flood Basalts ,            USA          ,            Flood Basalt          ,,,,POINT (nan nan)
87,Concepción ,            Nicaragua          ,            Stratovolcano          ,11.5,85.5999984741211,1610.0,POINT (85.59999847412109 11.5)
88,Copahue ,            Argentina          ,            Stratovolcano          ,-37.849998474121094,-71.16999816894531,2965.0,POINT (-71.16999816894531 -37.84999847412109)
89,Cosigüina ,            Nicaragua          ,            Shield          ,12.979999542236328,-87.55999755859375,847.0,POINT (-87.55999755859375 12.97999954223633)
90,Cotopaxi ,            Ecuador          ,            Stratovolcano          ,-0.6800000071525574,-78.44000244140625,5911.0,POINT (-78.44000244140625 -0.6800000071525574)
91,Crater Lake ,            USA          ,            Caldera          ,42.939998626708984,-122.11000061035156,2471.0,POINT (-122.1100006103516 42.93999862670898)
92,Craters of the Moon ,            USA          ,            Volcanic Field          ,43.41999816894531,-113.5,2005.0,POINT (-113.5 43.41999816894531)
93,Daisetsu ,            Japan          ,            Stratovolcano          ,43.70000076293945,142.89999389648438,2290.0,POINT (142.8999938964844 43.70000076293945)
94,Dakataua ,            Papua New Guinea          ,            Caldera          ,-5.0,150.10000610351562,400.0,POINT (150.1000061035156 -5)
95,Damavand ,            Iran          ,            Stratovolcano          ,35.95000076293945,52.11000061035156,5670.0,POINT (52.11000061035156 35.95000076293945)
96,Deccan Traps ,            India          ,            Flood Basalt          ,,,,POINT (nan nan)
97,Dempo ,            Indonesia          ,            Stratovolcano          ,-4.0,103.0999984741211,3173.0,POINT (103.0999984741211 -4)
98,Devils Garden ,            USA          ,            Volcanic Field          ,43.5,-120.9000015258789,1525.0,POINT (-120.9000015258789 43.5)
99,Devils Tower ,            USA          ,            Plug          ,44.599998474121094,-104.69999694824219,1558.0,POINT (-104.6999969482422 44.59999847412109)
100,Diamond Craters ,            USA          ,            Volcanic Field          ,43.099998474121094,-118.69999694824219,1450.0,POINT (-118.6999969482422 43.09999847412109)
101,Dieng Volcanic Complex ,            Indonesia          ,            Complex Volcano          ,-7.199999809265137,109.9000015258789,2565.0,POINT (109.9000015258789 -7.199999809265137)
102,Diky Greben ,            Russia          ,            Dome          ,51.459999084472656,156.97999572753906,1331.0,POINT (156.9799957275391 51.45999908447266)
103,Dubbi ,            Eritrea          ,            Stratovolcano          ,13.600000381469727,41.79999923706055,1625.0,POINT (41.79999923706055 13.60000038146973)
104,Dukono ,            Indonesia          ,            Complex Volcano          ,1.7000000476837158,127.87000274658203,1185.0,POINT (127.870002746582 1.700000047683716)
105,East Epi ,            Vanuatu          ,            Caldera          ,-16.700000762939453,168.39999389648438,-34.0,POINT (168.3999938964844 -16.70000076293945)
106,Ebeko ,            Russia          ,            Somma Volcano          ,50.68000030517578,156.02000427246094,1156.0,POINT (156.0200042724609 50.68000030517578)
107,Egmont (Taranaki) ,            New Zealand          ,            Stratovolcano          ,-39.29999923706055,174.10000610351562,2518.0,POINT (174.1000061035156 -39.29999923706055)
108,Egon ,            Indonesia          ,            Stratovolcano          ,-8.699999809265137,122.44999694824219,788.0,POINT (122.4499969482422 -8.699999809265137)
109,El Chichon ,            Mexico          ,            Caldera          ,17.360000610351562,-93.2300033569336,1060.0,POINT (-93.23000335693359 17.36000061035156)
110,Elbrus ,            Russia          ,            Stratovolcano          ,43.33000183105469,42.45000076293945,5633.0,POINT (42.45000076293945 43.33000183105469)
111,Erebus ,            Antarctica          ,            Stratovolcano          ,-77.5,167.1999969482422,3794.0,POINT (167.1999969482422 -77.5)
112,Erta Ale ,            Ethiopia          ,            Shield          ,13.600000381469727,40.70000076293945,613.0,POINT (40.70000076293945 13.60000038146973)
113,Etna ,            Italy          ,            Stratovolcano          ,37.72999954223633,15.0,3350.0,POINT (15 37.72999954223633)
114,Fantale ,            Ethiopia          ,            Stratovolcano          ,8.979999542236328,39.93000030517578,2007.0,POINT (39.93000030517578 8.979999542236328)
115,Fernandina ,            Ecuador          ,            Caldera          ,-0.3700000047683716,-91.55000305175781,1476.0,POINT (-91.55000305175781 -0.3700000047683716)
116,Fisher ,            USA          ,            Stratovolcano          ,-54.630001068115234,-164.4199981689453,1095.0,POINT (-164.4199981689453 -54.63000106811523)
117,Fogo ,            Cape Verde Islands          ,            Stratovolcano          ,14.949999809265137,-24.350000381469727,2829.0,POINT (-24.35000038146973 14.94999980926514)
118,Fort Rock ,            USA          ,            Maar          ,43.369998931884766,-121.06999969482422,1716.0,POINT (-121.0699996948242 43.36999893188477)
119,Frosty Peak ,            USA          ,            Stratovolcano          ,55.08000183105469,-162.80999755859375,1920.0,POINT (-162.8099975585938 55.08000183105469)
120,Fuego ,            Guatemala          ,            Stratovolcano          ,14.470000267028809,-90.87999725341797,3763.0,POINT (-90.87999725341797 14.47000026702881)
121,Fuerteventura ,            Spain          ,            Fissure vents          ,28.360000610351562,-14.020000457763672,529.0,POINT (-14.02000045776367 28.36000061035156)
122,Fuji ,            Japan          ,            Stratovolcano          ,35.36000061035156,138.72999572753906,3776.0,POINT (138.7299957275391 35.36000061035156)
123,Furnas ,            Azores (Portugal)          ,            Stratovolcano          ,37.7599983215332,-25.329999923706055,805.0,POINT (-25.32999992370605 37.7599983215332)
124,Fuss Peak ,            Russia          ,            Stratovolcano          ,50.27000045776367,155.25,1772.0,POINT (155.25 50.27000045776367)
125,Galeras ,            Colombia          ,            Stratovolcano          ,1.2200000286102295,-77.37000274658203,4276.0,POINT (-77.37000274658203 1.220000028610229)
126,Galunggung ,            Indonesia          ,            Stratovolcano          ,-7.260000228881836,108.08000183105469,2168.0,POINT (108.0800018310547 -7.260000228881836)
127,Gamalama ,            Indonesia          ,            Stratovolcano          ,0.8100000023841858,127.33000183105469,1715.0,POINT (127.3300018310547 0.8100000023841858)
128,Gamchen ,            Russia          ,            Stratovolcano          ,54.970001220703125,160.67999267578125,2576.0,POINT (160.6799926757812 54.97000122070312)
129,Gamkonora ,            Indonesia          ,            Stratovolcano          ,1.3799999952316284,127.52999877929688,1635.0,POINT (127.5299987792969 1.379999995231628)
130,Gareloi ,            USA          ,            Stratovolcano          ,51.79999923706055,178.8000030517578,1573.0,POINT (178.8000030517578 51.79999923706055)
131,Gaua ,            Vanuatu          ,            Stratovolcano          ,-14.270000457763672,167.5,797.0,POINT (167.5 -14.27000045776367)
132,Gede ,            Indonesia          ,,-6.769999980926514,106.94000244140625,2958.0,POINT (106.9400024414062 -6.769999980926514)
133,Glacier Peak ,            USA          ,            Stratovolcano          ,48.11000061035156,-121.11000061035156,3213.0,POINT (-121.1100006103516 48.11000061035156)
134,Gorely ,            Russia          ,            Caldera          ,52.560001373291016,158.02999877929688,1829.0,POINT (158.0299987792969 52.56000137329102)
135,Graciosa ,            Azores (Portugal)          ,            Stratovolcano          ,39.02000045776367,-27.969999313354492,402.0,POINT (-27.96999931335449 39.02000045776367)
136,Gran Canaria ,            Canary Islands (Spain)          ,            Fissure vents          ,28.0,15.579999923706055,1950.0,POINT (15.57999992370605 28)
137,Great Sitkin ,            USA          ,            Stratovolcano          ,52.06999969482422,-176.1300048828125,1740.0,POINT (-176.1300048828125 52.06999969482422)
138,Griggs ,            USA          ,            Stratovolcano          ,58.349998474121094,-155.08999633789062,2317.0,POINT (-155.0899963378906 58.34999847412109)
139,Grímsvötn ,            Iceland          ,            Caldera          ,64.41999816894531,-17.329999923706055,1725.0,POINT (-17.32999992370605 64.41999816894531)
140,Guagua Pichincha ,            Ecuador          ,,-0.17000000178813934,-78.5999984741211,4784.0,POINT (-78.59999847412109 -0.1700000017881393)
141,Guallatiri ,            Chile          ,            Stratovolcano          ,-18.420000076293945,-69.08999633789062,6071.0,POINT (-69.08999633789062 -18.42000007629395)
142,Guguan ,            USA          ,            Stratovolcano          ,17.309999465942383,145.83999633789062,287.0,POINT (145.8399963378906 17.30999946594238)
143,Hakone ,            Japan          ,,35.22999954223633,139.02000427246094,1439.0,POINT (139.0200042724609 35.22999954223633)
144,Heard ,            Australia          ,            Stratovolcano          ,-53.099998474121094,73.5,2745.0,POINT (73.5 -53.09999847412109)
145,Hibok-hibok ,            Philippines          ,            Stratovolcano          ,9.199999809265137,124.69999694824219,1332.0,POINT (124.6999969482422 9.199999809265137)
146,Hierro ,            Spain          ,            Shield          ,27.729999542236328,-18.030000686645508,1500.0,POINT (-18.03000068664551 27.72999954223633)
147,Hood ,            USA          ,            Stratovolcano          ,45.400001525878906,-121.69999694824219,3426.0,POINT (-121.6999969482422 45.40000152587891)
148,Hualalai ,            USA          ,            Shield          ,19.690000534057617,-155.8699951171875,2523.0,POINT (-155.8699951171875 19.69000053405762)
149,Ibu ,            Indonesia          ,            Stratovolcano          ,1.4900000095367432,127.62999725341797,1325.0,POINT (127.629997253418 1.490000009536743)
150,Ijen ,            Indonesia          ,            Stratovolcano          ,-8.0600004196167,114.23999786376953,2386.0,POINT (114.2399978637695 -8.060000419616699)
151,Iliamna ,            USA          ,            Stratovolcano          ,60.029998779296875,-153.08999633789062,3053.0,POINT (-153.0899963378906 60.02999877929688)
152,Iliboleng ,            Indonesia          ,            Stratovolcano          ,-8.34000015258789,123.26000213623047,1659.0,POINT (123.2600021362305 -8.340000152587891)
153,Iliniza ,            Ecuador          ,            Stratovolcano          ,-0.6600000262260437,-78.70999908447266,5248.0,POINT (-78.70999908447266 -0.6600000262260437)
154,Ilopango ,            El Salvador          ,            Caldera          ,13.670000076293945,-89.05000305175781,450.0,POINT (-89.05000305175781 13.67000007629395)
155,Ilyinsky ,            Russia          ,            Stratovolcano          ,51.4900016784668,157.1999969482422,1578.0,POINT (157.1999969482422 51.4900016784668)
156,Ioto (Iwo-jima) ,            Japan          ,            Caldera          ,24.75,141.2899932861328,161.0,POINT (141.2899932861328 24.75)
157,Iraya ,            Philippines          ,            Stratovolcano          ,20.469999313354492,122.01000213623047,1009.0,POINT (122.0100021362305 20.46999931335449)
158,Irazu ,            Costa Rica          ,            Stratovolcano          ,9.979999542236328,83.8499984741211,3431.0,POINT (83.84999847412109 9.979999542236328)
159,Isanotski ,            USA          ,            Stratovolcano          ,54.77000045776367,-163.72000122070312,2446.0,POINT (-163.7200012207031 54.77000045776367)
160,Izalco ,            El Salvador          ,            Stratovolcano          ,13.8100004196167,-89.62999725341797,1950.0,POINT (-89.62999725341797 13.8100004196167)
161,Iztaccihuatl ,            Mexico          ,            Stratovolcano          ,19.18000030517578,-98.63999938964844,5286.0,POINT (-98.63999938964844 19.18000030517578)
162,Izu-Tobu ,            Japan          ,            Pyroclastic Cone          ,34.900001525878906,139.10000610351562,581.0,POINT (139.1000061035156 34.90000152587891)
163,Jailolo ,            Indonesia          ,            Stratovolcano          ,1.0800000429153442,127.41999816894531,1130.0,POINT (127.4199981689453 1.080000042915344)
164,Jefferson ,            USA          ,            Stratovolcano          ,44.66999816894531,-121.80000305175781,3199.0,POINT (-121.8000030517578 44.66999816894531)
165,Jordan Craters ,            USA          ,            Volcanic Field          ,43.099998474121094,-117.4000015258789,1400.0,POINT (-117.4000015258789 43.09999847412109)
166,Kadovar ,            Papua New Guinea          ,            Stratovolcano          ,-3.630000114440918,144.6300048828125,365.0,POINT (144.6300048828125 -3.630000114440918)
167,Kaguyak ,            United States          ,            Stratovolcano          ,58.619998931884766,-154.05999755859375,901.0,POINT (-154.0599975585938 58.61999893188477)
168,Kahoolawe ,            United States          ,            Shield          ,20.549999237060547,-156.57000732421875,450.0,POINT (-156.5700073242188 20.54999923706055)
169,Kambalny ,            Russia          ,            Stratovolcano          ,51.29999923706055,156.8699951171875,2156.0,POINT (156.8699951171875 51.29999923706055)
170,Kanaga ,            United States          ,            Stratovolcano          ,51.91999816894531,-177.1699981689453,1307.0,POINT (-177.1699981689453 51.91999816894531)
171,Kanlaon ,            Philippines          ,            Stratovolcano          ,10.40999984741211,123.12999725341797,2435.0,POINT (123.129997253418 10.40999984741211)
172,Karangetang [Api Siau] ,            Indonesia          ,            Stratovolcano          ,2.7799999713897705,125.4000015258789,1784.0,POINT (125.4000015258789 2.779999971389771)
173,Karisimbi ,CongoRwanda ,            Stratovolcano          ,-1.5099999904632568,29.450000762939453,4507.0,POINT (29.45000076293945 -1.509999990463257)
174,Karthala ,            Comoros          ,            Shield          ,-11.75,43.380001068115234,2361.0,POINT (43.38000106811523 -11.75)
175,Karymsky ,            Russia          ,            Stratovolcano          ,54.04999923706055,159.4499969482422,1536.0,POINT (159.4499969482422 54.04999923706055)
176,Katla ,            Iceland          ,            Fissure vents          ,63.630001068115234,-19.049999237060547,1512.0,POINT (-19.04999923706055 63.63000106811523)
177,Katmai ,            United States          ,            Stratovolcano          ,58.279998779296875,-154.9600067138672,2047.0,POINT (-154.9600067138672 58.27999877929688)
178,Katwe-Kikorongo ,            Uganda          ,            Volcanic Field          ,-0.07999999821186066,29.920000076293945,1067.0,POINT (29.92000007629395 -0.07999999821186066)
179,Kavachi ,            Solomon Islands          ,            Submarine          ,-9.020000457763672,157.9499969482422,-20.0,POINT (157.9499969482422 -9.020000457763672)
180,Kell ,            Russia          ,            Stratovolcano          ,51.650001525878906,157.35000610351562,900.0,POINT (157.3500061035156 51.65000152587891)
181,Kelut ,            Indonesia          ,            Stratovolcano          ,-7.929999828338623,112.30999755859375,1731.0,POINT (112.3099975585938 -7.929999828338623)
182,Kerinci ,            Indonesia          ,            Stratovolcano          ,1.7000000476837158,101.26000213623047,3800.0,POINT (101.2600021362305 1.700000047683716)
183,Khodutka ,            Russia          ,            Stratovolcano          ,52.060001373291016,157.6999969482422,2090.0,POINT (157.6999969482422 52.06000137329102)
184,Kialagvik ,            United States          ,            Stratovolcano          ,57.20000076293945,-156.75,1677.0,POINT (-156.75 57.20000076293945)
185,Kick 'em Jenny ,            Grenada          ,            Submarine          ,12.300000190734863,-61.63999938964844,-185.0,POINT (-61.63999938964844 12.30000019073486)
186,Kikai ,            Japan          ,            Caldera          ,30.790000915527344,130.30999755859375,704.0,POINT (130.3099975585938 30.79000091552734)
187,Kikhpinych ,            Russia          ,            Stratovolcano          ,54.4900016784668,160.25,1552.0,POINT (160.25 54.4900016784668)
188,Kilauea ,            United States          ,            Shield          ,19.420000076293945,-155.2899932861328,1222.0,POINT (-155.2899932861328 19.42000007629395)
189,Kilimanjaro ,            Tanzania          ,            Stratovolcano          ,3.069999933242798,37.349998474121094,5895.0,POINT (37.34999847412109 3.069999933242798)
190,Kirishima ,            Japan          ,            Stratovolcano          ,31.93000030517578,130.86000061035156,1700.0,POINT (130.8600006103516 31.93000030517578)
191,Kliuchevskoi ,            Russia          ,            Stratovolcano          ,56.060001373291016,160.63999938964844,4835.0,POINT (160.6399993896484 56.06000137329102)
192,Komagatake ,            Japan          ,            Stratovolcano          ,42.060001373291016,140.67999267578125,1131.0,POINT (140.6799926757812 42.06000137329102)
193,Kone ,            Ethiopia          ,            Caldera          ,8.800000190734863,39.689998626708984,1619.0,POINT (39.68999862670898 8.800000190734863)
194,Koryaksky ,            Russia          ,            Stratovolcano          ,53.31999969482422,158.69000244140625,3456.0,POINT (158.6900024414062 53.31999969482422)
195,Koshelev ,            Russia          ,            Stratovolcano          ,51.36000061035156,156.75,1812.0,POINT (156.75 51.36000061035156)
196,Krafla ,            Iceland          ,            Caldera          ,65.7300033569336,-16.780000686645508,818.0,POINT (-16.78000068664551 65.73000335693359)
197,Krakatau ,            Indonesia          ,            Stratovolcano          ,-6.099999904632568,105.41999816894531,813.0,POINT (105.4199981689453 -6.099999904632568)
198,Krasheninnikov ,            Russia          ,            Stratovolcano          ,54.59000015258789,160.27000427246094,1856.0,POINT (160.2700042724609 54.59000015258789)
199,Kronotsky ,            Russia          ,            Stratovolcano          ,54.75,160.52999877929688,3528.0,POINT (160.5299987792969 54.75)
200,Ksudach ,            Russia          ,            Stratovolcano          ,51.79999923706055,157.52999877929688,1079.0,POINT (157.5299987792969 51.79999923706055)
201,Kukak ,            United States          ,            Stratovolcano          ,58.45000076293945,-154.36000061035156,2043.0,POINT (-154.3600006103516 58.45000076293945)
202,Kusatsu-Shirane ,            Japan          ,            Stratovolcano          ,36.63999938964844,138.5399932861328,2171.0,POINT (138.5399932861328 36.63999938964844)
203,Kutcharo ,            Japan          ,            Caldera          ,43.61000061035156,144.44000244140625,999.0,POINT (144.4400024414062 43.61000061035156)
204,Kuttara ,            Japan          ,            Stratovolcano          ,42.4900016784668,141.16000366210938,581.0,POINT (141.1600036621094 42.4900016784668)
205,Kuwae ,            Vanuatu          ,            Caldera          ,-16.829999923706055,168.5399932861328,-2.0,POINT (168.5399932861328 -16.82999992370605)
206,La Palma ,            Spain          ,            Stratovolcano          ,28.56999969482422,-17.829999923706055,2426.0,POINT (-17.82999992370605 28.56999969482422)
207,Lamington ,            Papua New Guinea          ,            Stratovolcano          ,-8.949999809265137,148.14999389648438,1680.0,POINT (148.1499938964844 -8.949999809265137)
208,Langila ,            Papua New Guinea          ,            Stratovolcano          ,-5.53000020980835,148.4199981689453,1330.0,POINT (148.4199981689453 -5.53000020980835)
209,Lanzarote ,            Spain          ,            Fissure vents          ,29.030000686645508,-13.630000114440918,670.0,POINT (-13.63000011444092 29.03000068664551)
210,Láscar ,            Chile          ,            Stratovolcano          ,-23.3700008392334,-67.7300033569336,5592.0,POINT (-67.73000335693359 -23.3700008392334)
211,Lereboleng ,            Indonesia          ,            Complex Volcano          ,-8.359999656677246,122.83999633789062,1117.0,POINT (122.8399963378906 -8.359999656677246)
212,Lewotobi ,            Indonesia          ,            Stratovolcano          ,-8.539999961853027,122.77999877929688,1703.0,POINT (122.7799987792969 -8.539999961853027)
213,Lewotolo ,            Indonesia          ,            Stratovolcano          ,-8.270000457763672,123.51000213623047,1423.0,POINT (123.5100021362305 -8.270000457763672)
214,Liamuiga ,            St. Kitts and Nevis          ,            Stratovolcano          ,17.3700008392334,-62.79999923706055,1156.0,POINT (-62.79999923706055 17.3700008392334)
215,Lipari ,            Italy          ,            Stratovolcano          ,38.47999954223633,14.949999809265137,602.0,POINT (14.94999980926514 38.47999954223633)
216,Little Sitkin ,            United States          ,            Stratovolcano          ,51.95000076293945,178.5399932861328,1174.0,POINT (178.5399932861328 51.95000076293945)
217,Loihi ,            United States          ,            Submarine          ,18.920000076293945,-155.27000427246094,-975.0,POINT (-155.2700042724609 18.92000007629395)
218,Lokon-Empung ,            Indonesia          ,            Stratovolcano          ,1.3600000143051147,124.79000091552734,1580.0,POINT (124.7900009155273 1.360000014305115)
219,Lolo ,            Papua New Guinea          ,            Stratovolcano          ,-5.46999979019165,150.50999450683594,805.0,POINT (150.5099945068359 -5.46999979019165)
220,Lolobau ,            Papua New Guinea          ,            Caldera          ,-4.920000076293945,151.16000366210938,858.0,POINT (151.1600036621094 -4.920000076293945)
221,Loloru ,            Papua New Guinea          ,            Stratovolcano          ,-6.519999980926514,155.6199951171875,1887.0,POINT (155.6199951171875 -6.519999980926514)
222,Long Island ,            Papua New Guinea          ,            Complex Volcano          ,-5.360000133514404,147.1199951171875,1280.0,POINT (147.1199951171875 -5.360000133514404)
223,Longonot ,            Kenya          ,            Stratovolcano          ,-0.9100000262260437,36.45000076293945,2776.0,POINT (36.45000076293945 -0.9100000262260437)
224,Lopevi ,            Vanuatu          ,            Stratovolcano          ,-16.510000228881836,168.35000610351562,1413.0,POINT (168.3500061035156 -16.51000022888184)
225,Maderas ,            Nicaragua          ,            Stratovolcano          ,11.449999809265137,-85.5199966430664,1394.0,POINT (-85.51999664306641 11.44999980926514)
226,Mageik ,            United States          ,            Stratovolcano          ,58.20000076293945,155.25,2165.0,POINT (155.25 58.20000076293945)
227,Mahawu ,            Indonesia          ,            Stratovolcano          ,1.3600000143051147,124.86000061035156,1324.0,POINT (124.8600006103516 1.360000014305115)
228,Makian ,            Indonesia          ,            Stratovolcano          ,0.3199999928474426,127.4000015258789,1357.0,POINT (127.4000015258789 0.3199999928474426)
229,Maly Semiachik ,            Russia          ,            Caldera          ,54.130001068115234,159.6699981689453,1560.0,POINT (159.6699981689453 54.13000106811523)
230,Manam ,            Papua New Guinea          ,            Stratovolcano          ,-4.079999923706055,145.0399932861328,1807.0,POINT (145.0399932861328 -4.079999923706055)
231,Mariveles ,            Philippines          ,            Stratovolcano          ,14.520000457763672,120.47000122070312,1388.0,POINT (120.4700012207031 14.52000045776367)
232,Marsabit ,            Kenya          ,            Shield          ,2.319999933242798,37.970001220703125,1707.0,POINT (37.97000122070312 2.319999933242798)
233,Masaya ,            Nicaragua          ,            Caldera          ,11.979999542236328,-86.16000366210938,635.0,POINT (-86.16000366210938 11.97999954223633)
234,Mashkovtsev ,            Russia          ,            Stratovolcano          ,51.099998474121094,156.72000122070312,503.0,POINT (156.7200012207031 51.09999847412109)
235,Mashu ,            Japan          ,            Caldera          ,43.56999969482422,144.57000732421875,855.0,POINT (144.5700073242188 43.56999969482422)
236,Mauna Kea ,            United States          ,            Shield          ,19.81999969482422,-155.47000122070312,4205.0,POINT (-155.4700012207031 19.81999969482422)
237,Mauna Loa ,            United States          ,            Shield          ,19.479999542236328,-155.61000061035156,4170.0,POINT (-155.6100006103516 19.47999954223633)
238,Mayon ,            Philippines          ,            Stratovolcano          ,13.260000228881836,123.69000244140625,2462.0,POINT (123.6900024414062 13.26000022888184)
239,McDonald Islands ,            Australia          ,            Complex Volcano          ,-53.029998779296875,72.5999984741211,230.0,POINT (72.59999847412109 -53.02999877929688)
240,McLoughlin ,            United States          ,            Stratovolcano          ,42.45000076293945,-122.31999969482422,2894.0,POINT (-122.3199996948242 42.45000076293945)
241,Mega Basalt Field ,EthiopiaKenya ,            Pyroclastic Cone          ,37.41999816894531,4.079999923706055,1067.0,POINT (4.079999923706055 37.41999816894531)
242,Menan Buttes ,            United States          ,            Tuff Ring          ,43.70000076293945,-111.95999908447266,1713.0,POINT (-111.9599990844727 43.70000076293945)
243,Menengai ,            Kenya          ,            Shield          ,-0.20000000298023224,36.06999969482422,2278.0,POINT (36.06999969482422 -0.2000000029802322)
244,Merapi ,            Indonesia          ,            Stratovolcano          ,-7.539999961853027,110.44000244140625,2911.0,POINT (110.4400024414062 -7.539999961853027)
245,Merbabu ,            Indonesia          ,            Stratovolcano          ,-7.449999809265137,110.43000030517578,3145.0,POINT (110.4300003051758 -7.449999809265137)
246,Meru ,            Tanzania          ,            Stratovolcano          ,-3.25,36.75,4565.0,POINT (36.75 -3.25)
247,Methana ,            Greece          ,            Dome          ,37.619998931884766,23.34000015258789,760.0,POINT (23.34000015258789 37.61999893188477)
248,Metis Shoal ,            Tonga          ,            Submarine          ,-19.18000030517578,-174.8699951171875,43.0,POINT (-174.8699951171875 -19.18000030517578)
249,Michael ,            United Kingdom          ,            Stratovolcano          ,-57.779998779296875,-26.450000762939453,990.0,POINT (-26.45000076293945 -57.77999877929688)
250,Michoacan-Guanajuato ,            Mexico          ,            Cinder Cone          ,19.850000381469727,-101.75,3860.0,POINT (-101.75 19.85000038146973)
251,Mílos ,            Greece          ,            Stratovolcano          ,36.70000076293945,24.440000534057617,751.0,POINT (24.44000053405762 36.70000076293945)
252,Miyake-jima ,            Japan          ,            Stratovolcano          ,34.08000183105469,139.52999877929688,815.0,POINT (139.5299987792969 34.08000183105469)
253,Moffett ,            United States          ,            Stratovolcano          ,51.939998626708984,-176.75,1196.0,POINT (-176.75 51.93999862670898)
254,Mojanda ,            Ecuador          ,            Stratovolcano          ,0.12999999523162842,-78.2699966430664,4263.0,POINT (-78.26999664306641 0.1299999952316284)
255,Momotombo ,            Nicaragua          ,            Stratovolcano          ,12.420000076293945,-86.54000091552734,1297.0,POINT (-86.54000091552734 12.42000007629395)
256,Monaco Bank ,            Portugal          ,            Submarine          ,37.599998474121094,-25.8799991607666,-197.0,POINT (-25.8799991607666 37.59999847412109)
257,Mono Lake Vol Field ,            United States          ,            Volcanic Field          ,38.0,-119.02999877929688,2121.0,POINT (-119.0299987792969 38)
258,Monowai Seamount ,            New Zealand          ,            Submarine          ,-25.889999389648438,-177.19000244140625,-132.0,POINT (-177.1900024414062 -25.88999938964844)
259,Moti ,            Indonesia          ,            Stratovolcano          ,0.44999998807907104,127.4000015258789,950.0,POINT (127.4000015258789 0.449999988079071)
260,Muria ,            Indonesia          ,            Stratovolcano          ,-6.619999885559082,110.87999725341797,1625.0,POINT (110.879997253418 -6.619999885559082)
261,Nantai ,            Japan          ,            Stratovolcano          ,36.7599983215332,139.47999572753906,2486.0,POINT (139.4799957275391 36.7599983215332)
262,Nasu ,            Japan          ,            Stratovolcano          ,37.119998931884766,139.97000122070312,1915.0,POINT (139.9700012207031 37.11999893188477)
263,Navajo Volcanic Field ,            United States          ,            Volcanic Field          ,,,2740.0,POINT (nan nan)
264,"Negro, Cerro ",            Nicaragua          ,            Cinder Cone          ,12.510000228881836,-86.69999694824219,728.0,POINT (-86.69999694824219 12.51000022888184)
265,Nemo Peak ,            Russia          ,            Caldera          ,49.56999969482422,154.80999755859375,1018.0,POINT (154.8099975585938 49.56999969482422)
266,Nevis Peak ,            St. Kitts and Nevis          ,            Stratovolcano          ,17.149999618530273,-62.58000183105469,985.0,POINT (-62.58000183105469 17.14999961853027)
267,Newberry ,            United States          ,            Shield          ,43.720001220703125,-121.2300033569336,2434.0,POINT (-121.2300033569336 43.72000122070312)
268,Newer Volcanics Province ,            Australia          ,            Shield          ,-37.77000045776367,142.5,1011.0,POINT (142.5 -37.77000045776367)
269,Ngauruhoe ,            New Zealand          ,            Stratovolcano          ,-39.130001068115234,175.63999938964844,1978.0,POINT (175.6399993896484 -39.13000106811523)
270,Nikko-Shirane ,            Japan          ,            Shield          ,36.79999923706055,139.3800048828125,2578.0,POINT (139.3800048828125 36.79999923706055)
271,Nipesotsu-Maruyama ,            Japan          ,            Stratovolcano          ,43.45000076293945,143.0399932861328,2013.0,POINT (143.0399932861328 43.45000076293945)
272,Nisyros ,            Greece          ,            Stratovolcano          ,36.59000015258789,27.15999984741211,698.0,POINT (27.15999984741211 36.59000015258789)
273,Nyambeni Hills ,            Kenya          ,            Shield          ,0.23000000417232513,37.869998931884766,750.0,POINT (37.86999893188477 0.2300000041723251)
274,Nyamuragira ,            Democratic Republic of Congo          ,            Shield          ,-1.409999966621399,29.200000762939453,3058.0,POINT (29.20000076293945 -1.409999966621399)
275,Nyiragongo ,            Democratic Republic of Congo          ,            Stratovolcano          ,-1.5199999809265137,29.25,3470.0,POINT (29.25 -1.519999980926514)
276,Oahu ,            United States          ,            Shield          ,,,1220.0,POINT (nan nan)
277,Ojos del Salado ,            Chile/Argentina          ,            Stratovolcano          ,-27.1200008392334,-68.55000305175781,6887.0,POINT (-68.55000305175781 -27.1200008392334)
278,Okataina ,            New Zealand          ,            Dome          ,-38.119998931884766,176.5,1111.0,POINT (176.5 -38.11999893188477)
279,Okmok ,            United States          ,            Shield          ,53.43000030517578,-168.1300048828125,1073.0,POINT (-168.1300048828125 53.43000030517578)
280,Oku Volcanic Field ,            Cameroon          ,            Stratovolcano          ,6.25,10.5,3011.0,POINT (10.5 6.25)
281,Ol Doinyo Lengai ,            Tanzania          ,            Stratovolcano          ,-2.759999990463257,39.90999984741211,2962.0,POINT (39.90999984741211 -2.759999990463257)
282,Opala ,            Russia          ,            Caldera          ,52.540000915527344,157.33999633789062,1776.0,POINT (157.3399963378906 52.54000091552734)
283,Oraefajokull ,            Iceland          ,            Stratovolcano          ,64.0,-16.649999618530273,2119.0,POINT (-16.64999961853027 64)
284,Oshima ,            Japan          ,            Stratovolcano          ,34.720001220703125,139.39999389648438,764.0,POINT (139.3999938964844 34.72000122070312)
285,Pacaya ,            Guatemala          ,            Complex Volcano          ,14.380000114440918,-90.5999984741211,2552.0,POINT (-90.59999847412109 14.38000011444092)
286,Pagan ,            United States          ,            Stratovolcano          ,18.1299991607666,145.8000030517578,570.0,POINT (145.8000030517578 18.1299991607666)
287,Pago ,            Papua New Guinea          ,            Caldera          ,-5.579999923706055,150.52000427246094,742.0,POINT (150.5200042724609 -5.579999923706055)
288,Papandayan ,            Indonesia          ,            Stratovolcano          ,-7.320000171661377,107.7300033569336,2665.0,POINT (107.7300033569336 -7.320000171661377)
289,Paricutin ,            Mexico          ,            Cinder Cone          ,19.5,-102.19999694824219,3170.0,POINT (-102.1999969482422 19.5)
290,Parinacota ,            Chile/Bolivia          ,            Stratovolcano          ,-18.170000076293945,-69.1500015258789,6348.0,POINT (-69.15000152587891 -18.17000007629395)
291,Pauzhetka ,            Russia          ,            Dome          ,51.45000076293945,156.97000122070312,1070.0,POINT (156.9700012207031 51.45000076293945)
292,Pavlof ,            United States          ,            Stratovolcano          ,55.41999816894531,-161.88999938964844,2519.0,POINT (-161.8899993896484 55.41999816894531)
293,Pavlof Sister ,            United States          ,            Stratovolcano          ,55.45000076293945,-161.83999633789062,2142.0,POINT (-161.8399963378906 55.45000076293945)
294,Pelee ,            France          ,            Stratovolcano          ,14.819999694824219,-61.16999816894531,1397.0,POINT (-61.16999816894531 14.81999969482422)
295,Peuet Sague ,            Indonesia          ,            Complex Volcano          ,4.909999847412109,96.33000183105469,2801.0,POINT (96.33000183105469 4.909999847412109)
296,Pico ,            Portugal          ,            Stratovolcano          ,38.470001220703125,-28.399999618530273,2351.0,POINT (-28.39999961853027 38.47000122070312)
297,"Pilas, Las ",            Nicaragua          ,            Stratovolcano          ,11.539999961853027,-85.62000274658203,1700.0,POINT (-85.62000274658203 11.53999996185303)
298,Pinacate ,            Mexico          ,            Cinder Cone          ,31.770000457763672,-113.5,1200.0,POINT (-113.5 31.77000045776367)
299,Pinatubo ,            Phillippines          ,            Stratovolcano          ,15.130000114440918,120.3499984741211,1486.0,POINT (120.3499984741211 15.13000011444092)
300,Pisgah Lava Field ,            United States          ,            Volcanic Field          ,34.75,-116.62999725341797,1495.0,POINT (-116.629997253418 34.75)
301,Piton de la Fournaise ,            France          ,            Shield          ,-21.229999542236328,55.709999084472656,2631.0,POINT (55.70999908447266 -21.22999954223633)
302,Poas ,            Costa Rica          ,            Stratovolcano          ,10.199999809265137,-84.2300033569336,2708.0,POINT (-84.23000335693359 10.19999980926514)
303,Popocatepetl ,            Mexico          ,            Stratovolcano          ,19.020000457763672,-98.62000274658203,5246.0,POINT (-98.62000274658203 19.02000045776367)
304,Prevo Peak ,            Russia          ,            Stratovolcano          ,47.02000045776367,152.1199951171875,1360.0,POINT (152.1199951171875 47.02000045776367)
305,Purace ,            Colombia          ,            Stratovolcano          ,2.319999933242798,-76.4000015258789,4650.0,POINT (-76.40000152587891 2.319999933242798)
306,"Quill, The ",            Netherlands          ,            Stratovolcano          ,17.479999542236328,-62.959999084472656,601.0,POINT (-62.95999908447266 17.47999954223633)
307,Rabaul ,            Papua New Guinea          ,            Shield          ,-4.269999980926514,152.1999969482422,688.0,POINT (152.1999969482422 -4.269999980926514)
308,Ragang ,            Phillippines          ,            Stratovolcano          ,7.699999809265137,124.5,2815.0,POINT (124.5 7.699999809265137)
309,Raikoke ,            Russia          ,            Stratovolcano          ,48.290000915527344,153.25,551.0,POINT (153.25 48.29000091552734)
310,Rainier ,            United States          ,            Stratovolcano          ,46.849998474121094,-121.76000213623047,4392.0,POINT (-121.7600021362305 46.84999847412109)
311,Rajabasa ,            Indonesia          ,            Stratovolcano          ,-5.78000020980835,105.62999725341797,1281.0,POINT (105.629997253418 -5.78000020980835)
312,Raoul ,            New Zealand          ,            Stratovolcano          ,-29.270000457763672,-177.9199981689453,516.0,POINT (-177.9199981689453 -29.27000045776367)
313,Rasshua ,            Russia          ,            Stratovolcano          ,47.77000045776367,153.02000427246094,956.0,POINT (153.0200042724609 47.77000045776367)
314,Raung ,            Indonesia          ,            Stratovolcano          ,-8.130000114440918,114.04000091552734,3332.0,POINT (114.0400009155273 -8.130000114440918)
315,Rausu ,            Japan          ,            Stratovolcano          ,44.06999969482422,145.1300048828125,1660.0,POINT (145.1300048828125 44.06999969482422)
316,Redoubt ,            United States          ,            Stratovolcano          ,60.4900016784668,-152.74000549316406,3108.0,POINT (-152.7400054931641 60.4900016784668)
317,Reventador ,            Ecuador          ,            Stratovolcano          ,-0.07999999821186066,-77.66000366210938,3562.0,POINT (-77.66000366210938 -0.07999999821186066)
318,Rincon de la Vieja ,            Costa Rica          ,            Complex Volcano          ,10.829999923706055,-85.31999969482422,1916.0,POINT (-85.31999969482422 10.82999992370605)
319,Roundtop ,            United States          ,            Stratovolcano          ,54.79999923706055,-163.58999633789062,1871.0,POINT (-163.5899963378906 54.79999923706055)
320,Ruapehu ,            New Zealand          ,            Stratovolcano          ,-39.279998779296875,175.57000732421875,2797.0,POINT (175.5700073242188 -39.27999877929688)
321,Rudakov ,            Russia          ,            Stratovolcano          ,45.880001068115234,149.8300018310547,542.0,POINT (149.8300018310547 45.88000106811523)
322,"Ruiz, Nevado del ",            Colombia          ,            Stratovolcano          ,4.889999866485596,-75.31999969482422,5321.0,POINT (-75.31999969482422 4.889999866485596)
323,Rumble IV ,            New Zealand          ,            Submarine          ,-36.130001068115234,178.0500030517578,500.0,POINT (178.0500030517578 -36.13000106811523)
324,Saba ,            Netherlands          ,            Stratovolcano          ,17.6299991607666,-63.22999954223633,887.0,POINT (-63.22999954223633 17.6299991607666)
325,Sabancaya ,            Peru          ,            Stratovolcano          ,-15.779999732971191,-71.8499984741211,5967.0,POINT (-71.84999847412109 -15.77999973297119)
326,Sakar ,            Papua New Guinea          ,            Stratovolcano          ,-5.409999847412109,148.08999633789062,992.0,POINT (148.0899963378906 -5.409999847412109)
327,Sakura-jima ,            Japan          ,            Stratovolcano          ,31.59000015258789,130.66000366210938,1117.0,POINT (130.6600036621094 31.59000015258789)
328,Salak ,            Indonesia          ,            Stratovolcano          ,-6.71999979019165,106.7300033569336,2211.0,POINT (106.7300033569336 -6.71999979019165)
329,San Cristobal ,            Nicaragua          ,            Stratovolcano          ,12.699999809265137,-87.0,1745.0,POINT (-87 12.69999980926514)
330,San Salvador ,            El Salvador          ,            Stratovolcano          ,13.729999542236328,-89.29000091552734,1893.0,POINT (-89.29000091552734 13.72999954223633)
331,San Vicente ,            Cape Verde Islands          ,            Stratovolcano          ,16.899999618530273,-25.0,697.0,POINT (-25 16.89999961853027)
332,Sanford ,            United States          ,            Shield          ,62.220001220703125,-144.1300048828125,4949.0,POINT (-144.1300048828125 62.22000122070312)
333,Sangay ,            Ecuador          ,            Stratovolcano          ,-2.0,-78.33999633789062,5230.0,POINT (-78.33999633789062 -2)
334,Santa Ana ,            El Salvador          ,            Stratovolcano          ,13.850000381469727,-89.62999725341797,2381.0,POINT (-89.62999725341797 13.85000038146973)
335,Santa Maria ,            Guatemala          ,            Stratovolcano          ,14.760000228881836,-91.55000305175781,3772.0,POINT (-91.55000305175781 14.76000022888184)
336,Santorini ,            Greece          ,            Shield          ,36.400001525878906,25.399999618530273,367.0,POINT (25.39999961853027 36.40000152587891)
337,Sarychev Peak ,            Russia          ,            Stratovolcano          ,48.09000015258789,153.1999969482422,1496.0,POINT (153.1999969482422 48.09000015258789)
338,Savo ,            Solomon Islands          ,            Stratovolcano          ,-9.130000114440918,159.82000732421875,485.0,POINT (159.8200073242188 -9.130000114440918)
339,Segula ,            United States          ,            Stratovolcano          ,52.02000045776367,178.13999938964844,1160.0,POINT (178.1399993896484 52.02000045776367)
340,Semeru ,            Indonesia          ,            Stratovolcano          ,-8.109999656677246,112.91999816894531,3676.0,POINT (112.9199981689453 -8.109999656677246)
341,Semisopochnoi ,            United States          ,            Stratovolcano          ,51.93000030517578,179.5800018310547,1221.0,POINT (179.5800018310547 51.93000030517578)
342,Sete Cidades ,            Portugal          ,            Stratovolcano          ,37.869998931884766,-25.780000686645508,856.0,POINT (-25.78000068664551 37.86999893188477)
343,Shasta ,            United States          ,            Stratovolcano          ,41.40999984741211,-122.19000244140625,4317.0,POINT (-122.1900024414062 41.40999984741211)
344,Sheveluch ,            Russia          ,            Stratovolcano          ,56.650001525878906,161.36000061035156,3283.0,POINT (161.3600006103516 56.65000152587891)
345,Shikotsu ,            Japan          ,            Caldera          ,42.689998626708984,141.3800048828125,1320.0,POINT (141.3800048828125 42.68999862670898)
346,Shiretoko-Iwo-zan ,            Japan          ,            Stratovolcano          ,44.130001068115234,145.1699981689453,1563.0,POINT (145.1699981689453 44.13000106811523)
347,Shishaldin ,            United States          ,            Stratovolcano          ,54.7599983215332,-163.97000122070312,2857.0,POINT (-163.9700012207031 54.7599983215332)
348,Sinarka ,            Russia          ,            Stratovolcano          ,48.880001068115234,154.17999267578125,934.0,POINT (154.1799926757812 48.88000106811523)
349,Smirnov ,            Russia          ,            Stratovolcano          ,44.41999816894531,146.13999938964844,1189.0,POINT (146.1399993896484 44.41999816894531)
350,Sollipulli ,            Chile          ,            Caldera          ,-38.970001220703125,-71.5199966430664,2282.0,POINT (-71.51999664306641 -38.97000122070312)
351,Soputan ,            Indonesia          ,            Stratovolcano          ,1.1100000143051147,124.7300033569336,1784.0,POINT (124.7300033569336 1.110000014305115)
352,Soufriere Guadeloupe ,            France          ,            Stratovolcano          ,16.049999237060547,-61.66999816894531,1467.0,POINT (-61.66999816894531 16.04999923706055)
353,Soufrière Hills ,            United Kingdom          ,            Stratovolcano          ,16.719999313354492,-62.18000030517578,915.0,POINT (-62.18000030517578 16.71999931335449)
354,Soufrière St. Vincent ,            St. Vincent          ,            Stratovolcano          ,13.329999923706055,-61.18000030517578,1220.0,POINT (-61.18000030517578 13.32999992370605)
355,South Island ,            Kenya          ,,2.630000114440918,36.599998474121094,800.0,POINT (36.59999847412109 2.630000114440918)
356,SP Mountain ,            United States          ,            Cinder Cone          ,35.599998474121094,-111.5999984741211,2141.0,POINT (-111.5999984741211 35.59999847412109)
357,Spurr ,            United States          ,            Stratovolcano          ,61.29999923706055,-152.25,3374.0,POINT (-152.25 61.29999923706055)
358,Srednii ,            Russia          ,            Submarine          ,47.599998474121094,152.9199981689453,36.0,POINT (152.9199981689453 47.59999847412109)
359,Steller ,            United States          ,            Stratovolcano          ,58.400001525878906,-154.39999389648438,2272.0,POINT (-154.3999938964844 58.40000152587891)
360,Stromboli ,            Italy          ,            Stratovolcano          ,38.790000915527344,15.210000038146973,924.0,POINT (15.21000003814697 38.79000091552734)
361,Sumaco ,            Ecuador          ,            Stratovolcano          ,-0.5400000214576721,-77.62999725341797,3990.0,POINT (-77.62999725341797 -0.5400000214576721)
362,Sumbing ,            Indonesia          ,            Stratovolcano          ,-7.380000114440918,110.06999969482422,3371.0,POINT (110.0699996948242 -7.380000114440918)
363,Sundoro ,            Indonesia          ,            Stratovolcano          ,-7.300000190734863,109.98999786376953,3136.0,POINT (109.9899978637695 -7.300000190734863)
364,Sunset Craters ,            United States          ,            Cinder Cone          ,35.369998931884766,-111.5,2447.0,POINT (-111.5 35.36999893188477)
365,Suswa ,            Kenya          ,            Shield          ,-1.1799999475479126,36.349998474121094,2356.0,POINT (36.34999847412109 -1.179999947547913)
366,Suwanose-jima ,            Japan          ,            Stratovolcano          ,29.639999389648438,129.72000122070312,799.0,POINT (129.7200012207031 29.63999938964844)
367,Taal ,            Philippines          ,            Caldera          ,14.0,120.98999786376953,311.0,POINT (120.9899978637695 14)
368,Talang ,            Indonesia          ,            Stratovolcano          ,-0.9800000190734863,100.68000030517578,2597.0,POINT (100.6800003051758 -0.9800000190734863)
369,Tambora ,            Indonesia          ,            Stratovolcano          ,-8.25,118.0,2850.0,POINT (118 -8.25)
370,Tambora ,            Indonesia          ,            Stratovolcano          ,-8.25,118.0,2850.0,POINT (118 -8.25)
371,Tanaga and Takawangha ,            United States          ,            Stratovolcano          ,51.88999938964844,-178.14999389648438,1806.0,POINT (-178.1499938964844 51.88999938964844)
372,Tanaga and Takawangha ,            United States          ,            Stratovolcano          ,51.88999938964844,-178.14999389648438,1806.0,POINT (-178.1499938964844 51.88999938964844)
373,Tangkubanparahu ,            Indonesia          ,            Stratovolcano          ,-6.769999980926514,107.5999984741211,2084.0,POINT (107.5999984741211 -6.769999980926514)
374,Tao-Rusyr Caldera ,            Russia          ,            Stratovolcano          ,49.349998474121094,154.6999969482422,1325.0,POINT (154.6999969482422 49.34999847412109)
375,Tarso Voon ,            Chad          ,            Stratovolcano          ,20.920000076293945,17.280000686645508,3100.0,POINT (17.28000068664551 20.92000007629395)
376,Telica Volcano ,            Nicaragua          ,            Stratovolcano          ,12.600000381469727,-86.8499984741211,1010.0,POINT (-86.84999847412109 12.60000038146973)
377,Tenerife ,            Spain          ,            Stratovolcano          ,28.270000457763672,-16.639999389648438,3715.0,POINT (-16.63999938964844 28.27000045776367)
378,Tengger Caldera and Bromo ,            Indonesia          ,            Stratovolcano          ,-7.940000057220459,112.94999694824219,2329.0,POINT (112.9499969482422 -7.940000057220459)
379,Three Fingered Jack ,            United States          ,            Stratovolcano          ,44.5,-121.80000305175781,2390.0,POINT (-121.8000030517578 44.5)
380,Three Sisters ,            United States          ,            Stratovolcano          ,44.099998474121094,121.7699966430664,3100.0,POINT (121.7699966430664 44.09999847412109)
381,Thule Islands ,            United Kingdom          ,            Stratovolcano          ,-59.45000076293945,-27.3700008392334,1075.0,POINT (-27.3700008392334 -59.45000076293945)
382,Tiatia ,            Russia          ,            Stratovolcano          ,44.349998474121094,146.25999450683594,1819.0,POINT (146.2599945068359 44.34999847412109)
383,Toba ,            Indonesia          ,            Caldera          ,2.5799999237060547,98.83000183105469,2157.0,POINT (98.83000183105469 2.579999923706055)
384,Todoko-Ranu ,            Indonesia          ,            Caldera          ,1.25,127.47000122070312,979.0,POINT (127.4700012207031 1.25)
385,Tokachi ,            Japan          ,,43.41999816894531,142.69000244140625,2077.0,POINT (142.6900024414062 43.41999816894531)
386,Tolbachik ,            Russia          ,            Stratovolcano          ,55.83000183105469,160.3300018310547,3682.0,POINT (160.3300018310547 55.83000183105469)
387,Tolimán ,            Guatemala          ,            Stratovolcano          ,14.609999656677246,-91.19000244140625,3158.0,POINT (-91.19000244140625 14.60999965667725)
388,Towada ,            Japan          ,            Caldera          ,40.470001220703125,140.9199981689453,1159.0,POINT (140.9199981689453 40.47000122070312)
389,Traitor's Head ,            Vanuatu          ,            Stratovolcano          ,-18.75,169.22999572753906,1881.0,POINT (169.2299957275391 -18.75)
390,Tri Sestry ,            Russia          ,            Stratovolcano          ,45.93000030517578,149.9199981689453,998.0,POINT (149.9199981689453 45.93000030517578)
391,Tristan da Cunha ,            United Kingdom          ,            Shield          ,-37.09000015258789,-12.279999732971191,2060.0,POINT (-12.27999973297119 -37.09000015258789)
392,Tsurumi ,            Japan          ,            Dome          ,33.279998779296875,131.42999267578125,1584.0,POINT (131.4299926757812 33.27999877929688)
393,Tungurahua ,            Ecuador          ,            Stratovolcano          ,-1.4700000286102295,-78.44000244140625,2011.0,POINT (-78.44000244140625 -1.470000028610229)
394,Ubehebe Craters ,            United States          ,            Maar          ,37.02000045776367,-117.44999694824219,752.0,POINT (-117.4499969482422 37.02000045776367)
395,Ubinas ,            Peru          ,            Stratovolcano          ,-16.360000610351562,-70.9000015258789,5672.0,POINT (-70.90000152587891 -16.36000061035156)
396,Udina ,            Russia          ,            Stratovolcano          ,55.7599983215332,160.52999877929688,2923.0,POINT (160.5299987792969 55.7599983215332)
397,Ugashik and Peulik ,            United States          ,            Stratovolcano          ,57.75,-156.3699951171875,1474.0,POINT (-156.3699951171875 57.75)
398,Uinkaret Volcanic Field ,            United States          ,            Volcanic Field          ,36.380001068115234,-113.12999725341797,1555.0,POINT (-113.129997253418 36.38000106811523)
399,Ulawun ,            Papua New Guinea          ,            Stratovolcano          ,-5.050000190734863,151.3300018310547,2334.0,POINT (151.3300018310547 -5.050000190734863)
400,Umboi ,            Papua New Guinea          ,            Complex Volcano          ,-5.590000152587891,147.8800048828125,1548.0,POINT (147.8800048828125 -5.590000152587891)
401,Undara ,            Australia          ,            Shield          ,-18.25,144.75,1020.0,POINT (144.75 -18.25)
402,Ungaran and Telomoyo ,            Indonesia          ,,-7.179999828338623,110.33000183105469,2050.0,POINT (110.3300018310547 -7.179999828338623)
403,Unzen ,            Japan          ,            Complex Volcano          ,32.7599983215332,130.2899932861328,1500.0,POINT (130.2899932861328 32.7599983215332)
404,Urataman ,            Russia          ,            Somma Volcano          ,47.119998931884766,152.25,678.0,POINT (152.25 47.11999893188477)
405,Ushishur ,            Russia          ,            Caldera          ,47.52000045776367,152.8000030517578,401.0,POINT (152.8000030517578 47.52000045776367)
406,Usu ,            Japan          ,            Stratovolcano          ,42.540000915527344,140.83999633789062,737.0,POINT (140.8399963378906 42.54000091552734)
407,Uzon ,            Russia          ,            Caldera          ,54.5,159.97000122070312,1617.0,POINT (159.9700012207031 54.5)
408,Veniaminof ,            United States          ,            Stratovolcano          ,56.16999816894531,-159.3800048828125,2507.0,POINT (-159.3800048828125 56.16999816894531)
409,Vernadskii Ridge ,            Russia          ,            Cinder Cone          ,50.54999923706055,155.97000122070312,1183.0,POINT (155.9700012207031 50.54999923706055)
410,Vesuvius ,            Italy          ,            Somma Volcano          ,40.81999969482422,14.430000305175781,1281.0,POINT (14.43000030517578 40.81999969482422)
411,Villarrica ,            Chile          ,            Stratovolcano          ,-39.41999816894531,-71.93000030517578,2847.0,POINT (-71.93000030517578 -39.41999816894531)
412,Vilyuchik ,            Russia          ,            Stratovolcano          ,52.70000076293945,158.27999877929688,2173.0,POINT (158.2799987792969 52.70000076293945)
413,Visoke ,            Congo/Rwanda          ,            Stratovolcano          ,-1.4700000286102295,29.489999771118164,3711.0,POINT (29.48999977111816 -1.470000028610229)
414,Vsevidof and Recheschnoi Volcanoes ,            United States          ,            Stratovolcano          ,53.130001068115234,-168.69000244140625,2149.0,POINT (-168.6900024414062 53.13000106811523)
415,Vulcano ,            Italy          ,,38.400001525878906,14.960000038146973,500.0,POINT (14.96000003814697 38.40000152587891)
416,Washington ,            United States          ,            Shield          ,44.29999923706055,-121.80000305175781,2376.0,POINT (-121.8000030517578 44.29999923706055)
417,Wau-en-Namus ,            Libya          ,            Caldera          ,25.049999237060547,17.549999237060547,547.0,POINT (17.54999923706055 25.04999923706055)
418,Westdahl ,            United States          ,            Stratovolcano          ,54.52000045776367,-164.64999389648438,1654.0,POINT (-164.6499938964844 54.52000045776367)
419,White Island ,            New Zealand          ,            Stratovolcano          ,-37.52000045776367,177.17999267578125,321.0,POINT (177.1799926757812 -37.52000045776367)
420,Wrangell ,            United States          ,            Shield          ,62.0,-144.02000427246094,4317.0,POINT (-144.0200042724609 62)
421,Wudalianchi ,            China          ,            Volcanic Field          ,48.720001220703125,126.12000274658203,597.0,POINT (126.120002746582 48.72000122070312)
422,Yake-dake ,            Japan          ,            Stratovolcano          ,36.220001220703125,137.58999633789062,2455.0,POINT (137.5899963378906 36.22000122070312)
423,Yali ,            Greece          ,            Dome          ,36.66999816894531,27.139999389648438,180.0,POINT (27.13999938964844 36.66999816894531)
424,Yantarni ,            United States          ,            Stratovolcano          ,57.02000045776367,-157.19000244140625,1345.0,POINT (-157.1900024414062 57.02000045776367)
425,Yasur ,            Vanuatu          ,            Stratovolcano          ,-19.530000686645508,169.44000244140625,361.0,POINT (169.4400024414062 -19.53000068664551)
426,Yellowstone ,            United States          ,            Caldera          ,44.43000030517578,-110.66999816894531,2805.0,POINT (-110.6699981689453 44.43000030517578)
427,Zavaritzki Caldera ,            Russia          ,            Caldera          ,46.93000030517578,151.9499969482422,624.0,POINT (151.9499969482422 46.93000030517578)
428,Zheltovsky ,            Russia          ,,51.56999969482422,157.32000732421875,1953.0,POINT (157.3200073242188 51.56999969482422)
429,Zhupanovsky ,            Russia          ,,53.59000015258789,159.14999389648438,2958.0,POINT (159.1499938964844 53.59000015258789)
430,Zimina ,            Russia          ,            Stratovolcano          ,55.86000061035156,160.60000610351562,3081.0,POINT (160.6000061035156 55.86000061035156)
